{
  "rrt步长对block倍数": 5.0,
  "rrt最大尝试采样次数": 3000,
  "rrt路径生成次数": 1024,
  "rrt终止点最大距离对block倍数": 16.0,
  "rrt动作切换惩罚系数": 1000,
  "rrt动作保持强度": 40,
  "文件名称": "C:\\Users\\yaoyj\\Desktop\\2024-12-10\\env.obj",
  "网格分割数量": 2000,
  "上方偏移": 20.0,
  "下方偏移": 20.0,
  "偏移": 0.02,
  "包围盒扩大数量": 1,
  "起始点": [
    7.01184,
    -2.013177,
    0.397
  ],
  "目标点": [
    7.107685,
    0.59252,
    0.928
  ],
  "吊臂长度": 5.15744,
  "吊车回转中心水平坐标和变幅中心垂直坐标": [
    2.493617,
    -1.038677,
    1.021
  ],
  "吊车最大变幅角度": 75.0,
  "变幅中心对回转中心偏移": -0.252292
}