{
  "rrt步长对block倍数": 3.0,
  "rrt最大尝试采样次数": 3000,
  "rrt路径生成次数": 1024,
  "rrt终止点最大距离对block倍数": 32.0,
  "rrt动作切换惩罚系数": 1000,
  "rrt动作保持强度": 40,
  "文件名称": "C:\\Users\\yaoyj\\Desktop\\2024-12-20\\env.obj",
  "网格分割数量": 1000,
  "上方偏移": 20.0,
  "下方偏移": 20.0,
  "偏移": 0.01,
  "包围盒扩大数量": 1,
  "目标点": [
    -5.985738,
    -4.581844,
    -8.610156
  ],
  "起始点": [
    -3.918654,
    -4.943767,
    -8.778295
  ],
  "吊臂长度": 5.70626,
  "吊车回转中心水平坐标和变幅中心垂直坐标": [
    -2.134791,
    8.361151,
    -5.033930
  ],
  "吊车最大变幅角度": 75.0,
  "变幅中心对回转中心偏移": -0.272292
}