{
  "rrt步长对block倍数": 1.5,
  "rrt最大尝试采样次数": 2000,
  "rrt路径生成次数": 5000,
  "rrt终止点最大距离对block倍数": 1,
  "rrt动作切换惩罚系数": 990,
  "rrt动作保持强度": 15,
  "文件名称": "./实验/20250319/out.obj",
  "网格分割数量": 1000,
  "上方偏移": 15.0,
  "下方偏移": 15.0,
  "偏移": 0.1,
  "包围盒扩大距离": 2,
  "基准点经纬度高度": [
    112.491068482,
    37.578906660,
    751.898
  ],
  "起始点经纬度高度": [
    112.490866976,
    37.578878388,
    750.20
  ],
  "目标点经纬度高度": [
    112.490920615,
    37.578992420,
    749.5
  ],
  "吊臂长度": 47.5,
  "吊车回转中心水平经纬度和变幅中心高度": [
    112.490599364,
    37.578980054,
    752.49
  ],
  "吊车最大变幅角度": 82.0,
  "变幅中心对回转中心偏移": 1.4,
  "初始回转": -17.4,
  "初始变幅": 59.45,
  "初始绳长": 40.31
}