{
  "rrt步长对block倍数": 3.0,
  "rrt最大尝试采样次数": 3000,
  "rrt路径生成次数": 1024,
  "rrt终止点最大距离对block倍数": 16.0,
  "rrt动作切换惩罚系数": 1000,
  "rrt动作保持强度": 40,
  "文件名称": "C:\\Users\\yaoyj\\Desktop\\2024-12-19\\env.obj",
  "网格分割数量": 2000,
  "上方偏移": 20.0,
  "下方偏移": 20.0,
  "偏移": 0.1,
  "包围盒扩大数量": 10,
  "起始点": [
    -2.774060,
    3.577233,
    -5.499566
  ],
  "目标点": [
    -4.573056,
    3.958102,
    -5.203732
  ],
  "吊臂长度": 5.35392,
  "吊车回转中心水平坐标和变幅中心垂直坐标": [
    -2.134791,
    8.361151,
    -5.033930
  ],
  "吊车最大变幅角度": 75.0,
  "变幅中心对回转中心偏移": -0.262292
}