{
  "rrt步长对block倍数": 3.0,
  "rrt最大尝试采样次数": 3000,
  "rrt路径生成次数": 1024,
  "rrt终止点最大距离对block倍数": 1.0,
  "rrt动作切换惩罚系数": 10,
  "rrt动作保持强度": 40,
  "文件名称": "C:\\Users\\yaoyj\\Desktop\\2024-12-22\\env.obj",
  "网格分割数量": 1000,
  "上方偏移": 20.0,
  "下方偏移": 20.0,
  "偏移": 0.01,
  "包围盒扩大数量": 3,
  "起始点": [
    -2.9412213425384834,
    -0.9358107596635818,
    0.7680000000000007
  ],
  "目标点": [
    -1.055474437889643,
    -1.3575758170336485,
    0.6529999999999987
  ],
  "吊臂长度": 5.38626,
  "吊车回转中心水平坐标和变幅中心垂直坐标": [
    -1.213607,
    3.269370,
    0.97
  ],
  "吊车最大变幅角度": 75.0,
  "变幅中心对回转中心偏移": -0.262292,
  "输出回转修正": -103
}