{
  "rrt步长对block倍数": 3.0,
  "rrt最大尝试采样次数": 8000,
  "rrt路径生成次数": 1024,
  "rrt终止点最大距离对block倍数": 1.5,
  "rrt动作切换惩罚系数": 10,
  "rrt动作保持强度": 40,
  "文件名称": "./实验/20250313/out.obj",
  "网格分割数量": 1000,
  "上方偏移": 100.0,
  "下方偏移": 20.0,
  "偏移": 1.0,
  "包围盒扩大数量": 15,
  "基准点经纬度高度": [
    112.491068482,
    37.578906660,
    751.898
  ],
  "起始点经纬度高度": [
    112.490904601,
    37.578924022,
    750.201
  ],
  "目标点经纬度高度": [
    112.490924535,
    37.578986218,
    752.032
  ],
  "吊臂长度": 48,
  "吊车回转中心水平经纬度和变幅中心高度": [
    112.490598,
    37.578980,
    752.49
  ],
  "吊车最大变幅角度": 82.0,
  "变幅中心对回转中心偏移": 1.4,
  "初始回转": 0,
  "初始变幅": 57.5,
  "初始绳长": 39.49
}