{
  "rrt步长对block倍数": 3.0,
  "rrt最大尝试采样次数": 4000,
  "rrt路径生成次数": 2048,
  "rrt终止点最大距离对block倍数": 2,
  "rrt动作切换惩罚系数": 10,
  "rrt动作保持强度": 40,
  "文件名称": "C:\\Users\\yaoyj\\Desktop\\2024-12-23\\env.obj",
  "网格分割数量": 1000,
  "上方偏移": 20.0,
  "下方偏移": 20.0,
  "偏移": 0.10,
  "包围盒扩大数量": 5,
  "基准点经纬度高度": [
    0.7708358897361904,
    1.514192651025951,
    0.17899999999999494
  ],
  "起始点经纬度高度": [
    0.7708358897361904,
    1.514192651025951,
    0.17899999999999494
  ],
  "目标点经纬度高度": [
    -2.252729,
    1.757616,
    0.304000
  ],
  "吊臂长度": 5.86,
  "吊车回转中心水平经纬度和变幅中心高度": [
    -0.693349,
    6.783254,
    0.933409
  ],
  "吊车最大变幅角度": 75.0,
  "变幅中心对回转中心偏移": -0.262292,
  "初始回转": -98,
  "初始变幅": 5.0,
  "初始绳长": 15.0
}