{
  "rrt步长对block倍数": 1,
  "rrt最大尝试采样次数": 3000,
  "rrt路径生成次数": 1000,
  "rrt终止点最大距离对block倍数": 0.6,
  "rrt动作切换惩罚系数": 990,
  "rrt动作保持强度": 151,
  "文件名称": "./实验/20250322/out.obj",
  "网格分割数量": 1000,
  "上方偏移": 15.0,
  "下方偏移": 15.0,
  "回转修正参数": 0.8,
  "偏移": 0.5,
  "包围盒扩大距离": 0,
  "基准点经纬度高度": [
    112.491068482,
    37.578906660,
    751.898
  ],
  "起始点经纬度高度": [
    112.490756877,
    37.578875390,
    750.591
  ],
  "目标点经纬度高度": [
    112.490864972,
    37.578954646,
    756.693
  ],
  "吊臂长度": 48,
  "吊车回转中心水平经纬度和变幅中心高度": [
    112.490599364,
    37.578980054,
    752.49
  ],
  "吊车最大变幅角度": 82.0,
  "变幅中心对回转中心偏移": 1.4,
  "初始回转": -29.2,
  "初始变幅": 70.35,
  "初始绳长": 43.5,
  "初始动作": 2
}