{
  "row": 0.216,
  "col": 1.884,
  "laser": 1.76,
  "autobodyx": -27.1196556,
  "autobodyy": -0.4582694,
  "autobodyz": 3.12170029,
  "Targetx": 0.0,
  "Targety": 0.0,
  "Targetz": 0.0,
  "target_Pitch": -1.8479,
  "target_heading": 330.1241,
  "hookx": 0.2738877,
  "hooky": 0.166752622,
  "hookz": 5.2983,
  "hook_Pitch": 4.6647,
  "hook_heading": 126.966,
  "Arm_headx": -0.440952271,
  "Arm_heady": -0.6634754,
  "Arm_headz": 42.115097,
  "Arm_head_Pitch": -18.0551,
  "Arm_heading": 90.5215,
  "rotation": 21.09,
  "amplitude": 55.65,
  "rope": 36.831137503291096,
  "臂长": 48.0,
  "yaw_offs": 45.0,
  "变幅相对回转中心偏移": 1.4,
  "就位点相对坐标X": 0.0,
  "就位点相对坐标Y": -1.5,
  "就位点相对坐标Z": 0.0
}