{
  "rrt步长对block倍数": 3.0,
  "rrt最大尝试采样次数": 4000,
  "rrt路径生成次数": 2048,
  "rrt终止点最大距离对block倍数": 2,
  "rrt动作切换惩罚系数": 10,
  "rrt动作保持强度": 40,
  "文件名称": "D:\\test.obj",
  "网格分割数量": 1000,
  "上方偏移": 20.0,
  "下方偏移": 20.0,
  "偏移": 0.10,
  "包围盒扩大数量": 5,
  "基准点经纬度高度": [
    112.4905865612,
    37.5789809562,
    0
  ],
  "起始点经纬度高度": [
    112.490953,
    37.57871,
    753.72
  ],
  "目标点经纬度高度": [
    112.490833,
    37.5786,
    760
  ],
  "吊臂长度": 48,
  "吊车回转中心水平经纬度和变幅中心高度": [
    112.490598,
    37.578980,
    752.49
  ],
  "吊车最大变幅角度": 82.0,
  "变幅中心对回转中心偏移": 1.4,
  "初始回转": -98,
  "初始变幅": 52,
  "初始绳长": 35.6
}