{
  "rrt步长对block倍数": 2,
  "rrt最大尝试采样次数": 6000,
  "rrt路径生成次数": 4096,
  "rrt终止点最大距离对block倍数": 1,
  "rrt动作切换惩罚系数": 190,
  "rrt动作保持强度": 15,
  "文件名称": "./实验/20250313/out.obj",
  "网格分割数量": 1000,
  "上方偏移": 15.0,
  "下方偏移": 15.0,
  "偏移": 0.1,
  "包围盒扩大距离": 1.3,
  "基准点经纬度高度": [
    112.491068482,
    37.578906660,
    751.898
  ],
  "起始点经纬度高度": [
    112.490930308,
    37.578869370,
    750.26
  ],
  "目标点经纬度高度": [
    112.490920615,
    37.578992420,
    749.5
  ],
  "吊臂长度": 48,
  "吊车回转中心水平经纬度和变幅中心高度": [
    112.490598,
    37.578980,
    752.49
  ],
  "吊车最大变幅角度": 82.0,
  "变幅中心对回转中心偏移": 1.4,
  "初始回转": -18.8,
  "初始变幅": 51.45,
  "初始绳长": 36.55
}